{
  "rmse": 59.55238213909083,
  "mae": 43.43123878390397,
  "mape": 12.54263081188072,
  "r2": 0.7066615551094054,
  "r": 0.8409036289300954
}